id,city,type,people,title,intro,description,amenities,more,link,price,priceRange,pictures
HN_01,Heilbronn,Übernachtung,Einzeln,Experimenta mit Genuss,Erlebe ein Genuss-Wochenende in Heilbronn mit einem Besuch im Science-Center experimenta.,"Erlebe ein genüssliches Wochenende in Heilbronn in Verbindung mit einem spannenden Besuch in der experimenta, Deutschlands größtem Science-Center.",Zwei Übernachtungen mit Frühstück,,https://www.heilbronn.de/tourismus/reise-und-erlebnisangebote/experimenta-mit-genuss.html?pk_campaign=themenkampagne_tmbw&pk_kwd=exp_mit_genuss,Ab 239 Euro pro Person im Doppelzimmer,>100€,https://res.cloudinary.com/viewyork-media/image/upload/v1623766418/tmbw/HN/HN_01/V2/experimenta-au%C3%9Fen_2020_jh_006_tibrn2.jpg
,,Tageserlebnis,Zu zweit,,,,3-Gang-Menü im Hotel am Anreisetag,,,Ab 339 Euro pro Person im Einzelzimmer,,https://res.cloudinary.com/viewyork-media/image/upload/v1623766418/tmbw/HN/HN_01/V2/experimenta-Heilbronn_2019_rs_7765_eyztos.jpg
,,,,,,,Degustationsmenü in der Wein Villa,,,,,https://res.cloudinary.com/viewyork-media/image/upload/v1623766427/tmbw/HN/HN_01/V2/experimenta-innen_2019_rs_KBFeb20_frrgsp.jpg
,,,,,,,Tagesticket für die experimenta,,,,,https://res.cloudinary.com/viewyork-media/image/upload/v1623766593/tmbw/HN/HN_01/V2/HN_01_04_yjcvrz.jpg
,,,,,,,,,,,,https://res.cloudinary.com/viewyork-media/image/upload/v1623766426/tmbw/HN/HN_01/V2/experimenta-Science-Dome-Karpernfahrt_2019_ex_biu2nm.jpg
HN_02,Heilbronn,Wein,Einzeln,Erlebe Heilbronn und seine Weine,"Lerne die älteste Weinstadt Württembergs kennen.
Urban trifft Natur. Wein und Kultur.","Wein und Heilbronn – eine Symbiose.
Nirgendwo sind urbanes Treiben und Natur so nah bei einander. Weinberge bis an den Stadtrand, rund 30 Weingüter im Stadtgebiet und viele Probiermöglichkeiten mitten in der City lassen Sie die Leidenschaft erleben, mit der der Weinbau in Württembergs ältester Weinstadt betrieben wird.
Besuchen Sie den Wein Pavillon an der Neckarbühne, lernen Sie den Wein Panorama Weg mit seinen Schaustelen kennen, buchen Sie eine der Weinwanderungen mit Verkostung zwischen den Reben oder gehen Sie im Weingut auf Tauchstation – mit dem Winzer in den Keller.",Eine Übernachtung mit Frühstück,,https://www.heilbronn.de/tourismus/reise-und-erlebnisangebote/heilbronn-und-seine-weine.html?pk_campaign=themenkampagne_tmbw&pk_kwd=heilbronn_weine,Ab 65 Euro pro Person im Doppelzimmer,50-100€,https://res.cloudinary.com/viewyork-media/image/upload/v1623685216/tmbw/HN/HN_02/Weinerlebnisfu%CC%88hrung-Wartberg_2017_gbk_110_w5rjnh.jpg
,,Übernachtung,Gruppe,,,,4er-Weinprobe an der Bar im Restaurant Beichtstuhl,,,Ab 85 Euro pro Person im Einzelzimmer,,https://res.cloudinary.com/viewyork-media/image/upload/v1623767002/tmbw/HN/HN_02/V2/Wartberg-Wein-Panorama-Weg-Frau_2020_cd_4494_nsgwom.jpg
,,,Zu zweit,,,,2-Tages-Ticket Gesamtnetz Nahverkehr (HNV),,,,,https://res.cloudinary.com/viewyork-media/image/upload/v1623767004/tmbw/HN/HN_02/V2/Wartberg-Wein-Panorama-Weg-Familie_2020_cd_4514_sdlwet.jpg
,,,,,,,,,,,,https://res.cloudinary.com/viewyork-media/image/upload/v1623767003/tmbw/HN/HN_02/V2/Wartberg-Heilbronn_2018_as_132342570_ijlfaf.jpg
,,,,,,,,,,,,https://res.cloudinary.com/viewyork-media/image/upload/v1623767078/tmbw/HN/HN_02/V2/Weinpavillon-Neckarbu%CC%88hne_2020_rs_KBAugust21_1975_ee0hfr.jpg
,,,,,,,,,,,,https://res.cloudinary.com/viewyork-media/image/upload/v1623767079/tmbw/HN/HN_02/V2/Weindorf-Auslese-im-Weingut_2020_jh_132_j7eedq.jpg
,,,,,,,,,,,,https://res.cloudinary.com/viewyork-media/image/upload/v1623767078/tmbw/HN/HN_02/V2/Weinpavillon-Neckarbu%CC%88hne_2020_jh_022_fo0jki.jpg
,,,,,,,,,,,,https://res.cloudinary.com/viewyork-media/image/upload/v1623767078/tmbw/HN/HN_02/V2/Weindorf-Auslese-im-Weingut_2020_jh_070_yhnldz.jpg
,,,,,,,,,,,,https://res.cloudinary.com/viewyork-media/image/upload/v1623767002/tmbw/HN/HN_02/V2/Wartberg-Bammersbergsche-Weinberghaus_2003_rs_2956_qco5ub.jpg
HN_03,Heilbronn,Wein,Einzeln,Schlenderweinprobe durch Heilbronn,"Die etwas andere Weinprobe in der City.
Geschichte. Geselligkeit. Genießen.","Die etwas andere Weinprobe in der City.
Sie schlendern durch die Heilbronner Innenstadt, halten an ausgewählten Hotspots, probieren Heilbronner Weine und lassen sich mit Ihrem Glas in der Hand durch die Stadtgeschichte führen.
Klingt gut?
Dann schlendern Sie mit uns durch die City",4 Proben Heilbronner Wein,,https://www.heilbronn.de/tourismus/stadtfuehrungen/wein-und-kulinarik/schlenderweinprobe-durch-die-heilbronner-innenstadt.html?pk_campaign=themenkampagne_tmbw&pk_kwd=schlenderweinprobe,"25 Euro pro Person
",10-50€,https://res.cloudinary.com/viewyork-media/image/upload/v1623767283/tmbw/HN/HN_03/V2/Neckarmeile-Neckarbu%CC%88hne-experimenta-Paar-Wein_2019_fm_3087_iqq994.jpg
,,,Gruppe,,,,"Dauer ca. 2,5 Std.",,,,,https://res.cloudinary.com/viewyork-media/image/upload/v1623767283/tmbw/HN/HN_03/V2/Neckarwiese-Paar-Wein_2019_fm_2907_Effekt_zw0ai7.jpg
,,,Zu zweit,,,,Maximal 20 Personen,,,,,https://res.cloudinary.com/viewyork-media/image/upload/v1623767282/tmbw/HN/HN_03/V2/Wein-am-Neckar-Paar-Neckargla%CC%88sle_2019_fm_1385_ocpskq.jpg
,,,,,,,,,,,,https://res.cloudinary.com/viewyork-media/image/upload/v1623767404/tmbw/HN/HN_03/V2/Hafenmarktpassage_-Shopping_2019_fm_2056_jdds6d.jpg
,,,,,,,,,,,,https://res.cloudinary.com/viewyork-media/image/upload/v1621514511/tmbw/HN/HN_03/HN_03_05_hom1vn.jpg
,,,,,,,,,,,,https://res.cloudinary.com/viewyork-media/image/upload/v1621514511/tmbw/HN/HN_03/HN_03_06_lawmvt.jpg
,,,,,,,,,,,,https://res.cloudinary.com/viewyork-media/image/upload/v1623767403/tmbw/HN/HN_03/V2/Neckarmeile-Gastronomie-Wein_2019_fm_3128_ft6sgl.jpg
,,,,,,,,,,,,https://res.cloudinary.com/viewyork-media/image/upload/v1621514512/tmbw/HN/HN_03/HN_03_07_oii0vb.jpg
HN_04,Heilbronn,Stadtführung,Einzeln,Kanu-Stadtrundfahrten auf dem Neckar,Erlebe und entdecke Heilbronn auf ganz besondere Weise. Auf dem Wasser vom Kanu aus.,"Erlebe und entdecke Heilbronn vom Wasser aus. Fahre im Kanu auf dem Neckar durch Heilbronn und lass dir von deinem Gästeführer Interessantes zur Stadt und ihrer Geschichte erzählen. 
Noch nie Kanu gefahren?
Kein Problem, alle drei Touren sind absolut für Anfänger geeignet.

Drei Touren stehen zur Auswahl:

- Der Klassiker
- Die Familientour
- Die Tour am Abend","Ausrüstung (Kanu, Paddel, Schwimmweste und Packsack)",,https://www.heilbronn.de/tourismus/reise-und-erlebnisangebote/kanu-stadtrundfahrten.html?pk_campaign=themenkampagne_tmbw&pk_kwd=kanu-stadtrundfahrt,Ab 28 Euro pro Person (Kinder ab 22 Euro pro Person),10-50€,https://res.cloudinary.com/viewyork-media/image/upload/v1623767543/tmbw/HN/HN_04/V2/Kanu-I-Aktionstag-25.7.2020_u2ffht.jpg
,,,Familie,,,,Stadtführer*in,,,,,https://res.cloudinary.com/viewyork-media/image/upload/v1623767541/tmbw/HN/HN_04/V2/Neckar-Schwa%CC%88ne-Aktionstag-25.7.2020_ktksri.jpg
,,,Zu zweit,,,,,,,,,https://res.cloudinary.com/viewyork-media/image/upload/v1623767542/tmbw/HN/HN_04/V2/Neckar-Kanufahrt-Familie_2020_cd_1036_bb1fs5.jpg
,,,Gruppe,,,,,,,,,https://res.cloudinary.com/viewyork-media/image/upload/v1623767544/tmbw/HN/HN_04/V2/Neckar-Kanufahrt-Familie_2020_cd_1105_hvyvyi.jpg
,,,,,,,,,,,,
MA_01,Mannheim,Tageserlebnis,Zu zweit,NahTour - Mannheims Natur entdecken,Entdecken Sie die grünen Oasen der Stadt und entspannen Sie bei einem Picknick,"Rhein und Neckar, die großen Mannheimer Stadtparks und kleinere Grünflächen sowie Naturschutzgebiete und Wälder sind optimale Orte zum Ausspannen, für Spaziergänge oder für ein lauschiges Picknick. Der Herzogenriedpark ist eine grüne Oase im Stadtteil Neckarstadt-Ost, in der Sie es sich am Wasser und auf Wiesen gutgehen lassen können. Wohltuende Entspannung für Körper und Geist bietet die Kneipp-Anlage im Bambusgarten, das Rosarium mit über 100.000 Rosen lässt die Sinne erwachen.Mit einem liebevoll gepackten Picknickkorb von „Die Metzgerei“ können Sie bei einem Picknick am Rhein entspannt die vorbeifahrenden Schiffe beobachten.",1 x Eintritt in den Herzogenriedpark,,https://www.visit-mannheim.de/2-staedte-1-erlebnis/nahtour-buchen2?utm_source=tmbw&utm_medium=ad&utm_campaign=sommer2021,"Preis pro Erwachsener mit Wellness-Korb: 37 Euro bei 2 Erwachsenen, 29 Euro bei 3 Erwachsenen ",10-50€,https://res.cloudinary.com/viewyork-media/image/upload/v1623242074/tmbw/MA/MA_01/MA_01_01_emxnmd.jpg
,,,Familie,,,,1 x 1 Picknickkorb (Abholung in „Die Metzgerei“),,,,,https://res.cloudinary.com/viewyork-media/image/upload/v1623242074/tmbw/MA/MA_01/MA_01_02_kymrz3.jpg
,,Kulinarik,Gruppe,,,,1 x Gutscheinbuch pro Buchung,,,,,https://res.cloudinary.com/viewyork-media/image/upload/v1623242074/tmbw/MA/MA_01/MA_01_03_le2ya1.jpg
,,,,,,,10 % Rabatt auf alle Souvenirs der Tourist Information Mannheim,,,,,https://res.cloudinary.com/viewyork-media/image/upload/v1623242074/tmbw/MA/MA_01/MA_01_04_vuveig.jpg
,,,,,,,,,,,,https://res.cloudinary.com/viewyork-media/image/upload/v1623242072/tmbw/MA/MA_01/MA_01_05_bkfgze.jpg
,,,,,,,,,,,,https://res.cloudinary.com/viewyork-media/image/upload/v1623242074/tmbw/MA/MA_01/MA_01_06_xfhmmi.jpg
,,,,,,,,,,,,https://res.cloudinary.com/viewyork-media/image/upload/v1623242072/tmbw/MA/MA_01/MA_01_07_sxnupv.jpg
,,,,,,,,,,,,https://res.cloudinary.com/viewyork-media/image/upload/v1623242074/tmbw/MA/MA_01/MA_01_08_ylzvnk.jpg
,,,,,,,,,,,,
MA_02,Mannheim,Kultur,Zu zweit,KulTour - Kreativität²,Mannheim beeindruckt mit einem bunten Angebot an kulturellen Aktivitäten und Einrichtungen,"Die Reiss-Engelhorn-Museen (rem) bilden im Herzen der Mannheimer Innenstadt ein eigenes Museumsviertel, in dem Sie spannende Kulturgeschichte erleben können. In der Ausstellung „Ägypten – Land der Unsterblichkeit“ entdecken Sie das faszinierende Reich der Pharaonen mitten in Mannheim. Mit dem im Paket enthaltenen Audioguide erfahren Sie Spannendes über das Alltagsleben im alten Ägypten, die Stellung des Pharaos und seines Beamtenstaates, den aufwändigen Totenkult und die weitverzweigte Götterwelt. Kinder können mit den Rätsel- und Entdeckerheften eigenständig interessante Themen und Objekte aus den Ausstellungen entdecken (kostenfrei zum Download oder an der Museumskasse).
Für Geschichtsinteressierte führt kein Weg am Schloss Mannheim vorbei, dem größten Barockschloss Europas nach Versailles. In den aufwendig restaurierten Prunkräumen begeben Sie sich auf eine Zeitreise ins kurfürstliche Mannheim. 
Den kreativen Herzschlag der Stadt erleben Sie bei einer individuellen Stadtführung durch die einzigartige Open Urban Art Gallery Mannheims - STADT.WAND.KUNST. Vielleicht haben Sie ja auch Glück und können bei der Entstehung eines neuen Murals live dabei sein! Denn jeden Sommer lädt STADT.WAND.KUNST unterschiedliche Streetart-KünstlerInnen nach Mannheim ein: Egal ob nationale Newcomer, internationale Stars oder regionale NachwuchskünstlerInnen – auch in diesem Jahr werden sie wieder Mannheims Wände in großartige Kunstwerke verwandeln.
Bei Buchung unseres Paketes haben Sie für sich, Ihre Familie oder Freunde eine*n eigene*n Gästeführer*in und können Tag und Uhrzeit frei wählen.","1 x Individuelle Stadtführung „STADT.WAND.-KUNST – Quadrate“, Dauer: ca. 1,5 Stunden",,https://www.visit-mannheim.de/2-staedte-1-erlebnis/kultour-buchen?utm_source=tmbw&utm_medium=ad&utm_campaign=sommer2021,"Preis pro Erwachsener: 64 Euro
Preis pro Kind (6-14 Jahre): 5 Euro",50-100€,https://res.cloudinary.com/viewyork-media/image/upload/v1623242101/tmbw/MA/MA_02/MA_02_01_dcbndt.jpg
,,,Familie,,,,1 x Eintritt Museum Weltkulturen D5 (rem) mit Audio-Guide,,,,,
,,Tageserlebnis,Gruppe,,,,1 x Eintritt in das Schloss Mannheim,,,,,https://res.cloudinary.com/viewyork-media/image/upload/v1623242100/tmbw/MA/MA_02/MA_02_02_khtynj.jpg
,,Stadtführung,,,,,1 x Gutscheinbuch pro Buchung,,,,,https://res.cloudinary.com/viewyork-media/image/upload/v1623242100/tmbw/MA/MA_02/MA_02_03_xhnd5b.jpg
,,,,,,,10 % Rabatt auf alle Artikel des Museumsshop der rem,,,,,https://res.cloudinary.com/viewyork-media/image/upload/v1623242101/tmbw/MA/MA_02/MA_02_04_qkzaqu.jpg
,,,,,,,,,,,,https://res.cloudinary.com/viewyork-media/image/upload/v1623242100/tmbw/MA/MA_02/MA_02_06_xsdusf.jpg
,,,,,,,,,,,,https://res.cloudinary.com/viewyork-media/image/upload/v1623242103/tmbw/MA/MA_02/MA_02_07_bqysju.jpg
,,,,,,,,,,,,https://res.cloudinary.com/viewyork-media/image/upload/v1623242104/tmbw/MA/MA_02/MA_02_08_mliirz.jpg
,,,,,,,,,,,,https://res.cloudinary.com/viewyork-media/image/upload/v1623242105/tmbw/MA/MA_02/MA_02_09_o2zzrw.jpg
,,,,,,,,,,,,https://res.cloudinary.com/viewyork-media/image/upload/v1623242104/tmbw/MA/MA_02/MA_02_10_ezayjg.jpg
,,,,,,,,,,,,https://res.cloudinary.com/viewyork-media/image/upload/v1623242106/tmbw/MA/MA_02/MA_02_11_gblzzs.jpg
MA_03,Mannheim,Kulinarik,Zu zweit,Happy Weekend in Mannheim,Verbringen Sie Ihr persönliches Happy Weekend in der lebendigen Metropole,"Entdecken Sie Mannheim, die bunte und lebendige Metropole voller Kontraste in der Rhein-Neckar-Region. Hier werden Sie viel erleben – nur keine Langeweile.  Zahlreiche Sehenswürdigkeiten wie z.B. das Mannheimer Barockschloss, der Luisenpark, der Wasserturm und das Nationaltheater warten auf Sie. Mannheims beliebte Citymeile „Planken“ lädt zum Bummeln und Shoppen ein, NachtschwärmerInnen finden außergewöhnliche Cafés und stylische Clubs. Alles nur einen Steinwurf vom Dorint Hotel entfernt! ",2 Übernachtungen inklusive reichhaltigem Frühstücksbuffet,,https://hotel-mannheim.dorint.com/de/arrangements/happy-weekend/,ab 145 € p.P.,>100€,https://res.cloudinary.com/viewyork-media/image/upload/v1623242305/tmbw/MA/MA_03/MA_03_01_k3iblg.jpg
,,Tageserlebnis,Einzeln,,,,1 x Welcome-Cocktail,,,,,https://res.cloudinary.com/viewyork-media/image/upload/v1623242305/tmbw/MA/MA_03/MA_03_02_zi643i.jpg
,,Übernachtung,Gruppe,,,,1 x Kulinarisches 3-Gang-Menü am Abend,,,,,https://res.cloudinary.com/viewyork-media/image/upload/v1623242305/tmbw/MA/MA_03/MA_03_03_vquoxa.jpg
,,,,,,,,,,,,https://res.cloudinary.com/viewyork-media/image/upload/v1623242305/tmbw/MA/MA_03/MA_03_04_wufpab.jpg
,,,,,,,,,,,,https://res.cloudinary.com/viewyork-media/image/upload/v1623242305/tmbw/MA/MA_03/MA_03_05_xtb61x.jpg
,,,,,,,,,,,,https://res.cloudinary.com/viewyork-media/image/upload/v1623242303/tmbw/MA/MA_03/MA_03_06_oeijxm.jpg
,,,,,,,,,,,,https://res.cloudinary.com/viewyork-media/image/upload/v1623242304/tmbw/MA/MA_03/MA_03_07_zdla67.jpg
,,,,,,,,,,,,https://res.cloudinary.com/viewyork-media/image/upload/v1623242305/tmbw/MA/MA_03/MA_03_08_di2cbk.jpg
,,,,,,,,,,,,https://res.cloudinary.com/viewyork-media/image/upload/v1621514643/tmbw/MA/MA_03/MA_03_09_n8jj11.jpg
MA_04,Mannheim,Kultur,Zu zweit,Mannheim und UNESCO Creative Cities ,"Entdecken Sie das UNESCO-Kulturtrio mit Mannheim, Karlsruhe und Heidelberg","Mannheim, Heidelberg und Karlsruhe – ein „UNESCO-Dreieck“, das mit einem außergewöhnlichen Kulturerlebnis punkten kann! Denn alle drei Städte im Südwesten sind als Teil des UNESCO-Netzwerks gewählt worden. Erlebe also Heidelberg als Stadt der Literatur, Mannheim als Stadt der Musik und Karlsruhe als Stadt der Medienkunst – die UNESCO Creative Cities freuen sich schon auf Deinen Besuch!

Ob Merton oder Mozart: Mannheim bietet eine musikalische Vielfalt, wie sie sonst nur in den großen Metropolen der Welt zu finden ist. Zahlreiche musikalische Einflüsse begegnen sich hier und prägen eine einzigartige Musikszene. Ob Techno, Jazz, Pop oder Indie – Musik ist in Mannheim vielseitig, international geprägt und bietet Highlights für jeden Geschmack. Festivals wie Enjoy Jazz, Time Warp oder Maifeld Derby und international bekannte Stars, die hier regelmäßig zu Gast sind, locken Menschen aus ganz Europa nach Mannheim. Mit der einzigartigen Popakademie und einer innovativen Musikwirtschaft avancierte die Stadt zur „UNESCO City of Music“ – weltweit gibt es nur wenige Städte,die diesen Titel tragen. Erleben Sie Musik auf eine andere Art im Hotel Staytion. Jede der 6 Etagen ist einer anderen Band oder Musikrichtung gewidmet und die Zimmer sind mit zahlreichen Bildern und Musik ausgestattet. Bei der Stadtführung tauchen Sie tiefer ein in die bunte Musikszene Mannheims.
","3 Übernachtungen im Einzel- oder Doppelzimmer inkl. Frühstück
",,https://www.karlsruhe-erleben.de/karlsruhe/offer/detail/FIT00020070733670846,360 € für drei Übernachtungen und Nebenleistungen,>100€,https://res.cloudinary.com/viewyork-media/image/upload/v1623242436/tmbw/MA/MA_04/MA_04_01_kq8j6a.jpg
,,Tageserlebnis,Einzeln,,,,"2x Stadtführung, eine in Heidelberg und eine in Mannheim ",,,,,https://res.cloudinary.com/viewyork-media/image/upload/v1623242437/tmbw/MA/MA_04/MA_04_02_pt87ut.jpg
,,,Gruppe,,,,1 x Heidelberg Karte ,,,,,https://res.cloudinary.com/viewyork-media/image/upload/v1623242438/tmbw/MA/MA_04/MA_04_03_elb2ne.jpg
,,,,,,,Besichtigung des ZKM / Zentrum für Kunst und Medien in Karlsruhe,,,,,https://res.cloudinary.com/viewyork-media/image/upload/v1623242437/tmbw/MA/MA_04/MA_04_04_wvoftt.jpg
S_01,Stuttgart,Stadtführung,Zu zweit,Stuttgart bequem entdecken,Sightseeing entlang der wichtigsten Sehenswürdigkeiten Stuttgarts,"Entdecke die bedeutendsten Sehenswürdigkeiten Stuttgarts - und steige aus und wieder zu, wie es dir gefällt! Jedes Hop-on/Hop-off Ticket gilt 24 Stunden - und lässt dir genügend Spielraum für individuelle Stadterkundungen. 

Du kannst zwischen drei Routen wählen: 
- Auf unserer BLAUEN TOUR geht es über die Stuttgarter Innenstadt in Richtung Neckar und Wilhelma, vorbei am Mercedes-Benz-Museum bis in die Weinberge. 
- Die GRÜNE TOUR bringt euch in den Stuttgarter Süden und Westen. Auf dem Weg liegen der Fernsehturm, schöne Aussichtspunkte und die urige Standseilbahn.
- Auf der WEINTOUR erwartet euch eine herrliche Fahrt in die Weinlandschaft Stuttgarts: Vom Mercedes-Benz-Museum aus führt euch die Tour in die Weinberge bis hoch zur Grabkapelle auf dem Württemberg.",Hop-on/Hop-off Ticket 24 Stunden gültig,,https://www.stuttgart-tourist.de/stuttgart-buchen/stuttgart-citytour,"BLAUE und GRÜNE TOUR:
Erwachsene 18,00 €
Erwachsene mit StuttCard 14,00 €
Kinder (4-14 Jahre) 5,00 €
Personen mit Schwerbehinderten-ausweis ab 80% 14,00 € ",10-50€,https://res.cloudinary.com/viewyork-media/image/upload/v1621514748/tmbw/S/S_01/S_01_02_oyenaf.jpg
,,Tageserlebnis,Einzeln,,,,,,,"WEINTOUR: Erwachsene 12,00 € Erwachsener mit StuttCard 10,00 € Kind (4 - 14 Jahre) 5,00 € Personen mit Schwerbehinderten-ausweis ab 80 % 10,00 €",,https://res.cloudinary.com/viewyork-media/image/upload/v1621514748/tmbw/S/S_01/S_01_02_oyenaf.jpg
,,Kultur,Gruppe,,,,,,,"KOMBITICKET (2 Touren): Erwachsene 28,00 € Erwachsener mit StuttCard 22,00 € Kind (4 - 14 Jahre) 10,00 € Personen mit Schwerbehinderten-ausweis ab 80 % 22,00 €",,https://res.cloudinary.com/viewyork-media/image/upload/v1621514748/tmbw/S/S_01/S_01_03_rychot.jpg
,,Wein,Familie,,,,,,,,,https://res.cloudinary.com/viewyork-media/image/upload/v1621514748/tmbw/S/S_01/S_01_04_q5qsko.jpg
,,,,,,,,,,,,https://res.cloudinary.com/viewyork-media/image/upload/v1621514748/tmbw/S/S_01/S_01_05_tjlmmx.jpg
,,,,,,,,,,,,https://res.cloudinary.com/viewyork-media/image/upload/v1621514748/tmbw/S/S_01/S_01_06_wdjmqp.jpg
,,,,,,,,,,,,https://res.cloudinary.com/viewyork-media/image/upload/v1621514749/tmbw/S/S_01/S_01_07_mnucja.jpg
,,,,,,,,,,,,https://res.cloudinary.com/viewyork-media/image/upload/v1621514749/tmbw/S/S_01/S_01_08_zk7hyf.jpg
S_02,Stuttgart,Stadtführung,Zu zweit,Weinprobe im Weinbaumuseum,Genussvoll ins Wochenende starten,"Starte doch mal relaxter ins Wochenende: Mit einer genussvollen Freitagsweinprobe in der Vinothek des Weinbaumuseums Stuttgart. Ein Experte macht dich mit drei exzellenten Stuttgarter Weinen bekannt und vermittelt dir nebenbei hochinteressante Details über den Weinbau im mittleren Neckarraum. Ein Vergnügen, bei dem du anschließend mit deinen Weinkenntnissen punkten kannst.",3er Weinprobe von ausgewählten Weinen und kleinem Snackteller,,https://www.stuttgart-tourist.de/e-freitagsweinprobe-werden-sie-zum-weinkenner#2021-05-07,"19,50€",10-50€,https://res.cloudinary.com/viewyork-media/image/upload/v1621514756/tmbw/S/S_02/S_02_01_hxvyqs.jpg
,,Tageserlebnis,Einzeln,,,,,,,,,https://res.cloudinary.com/viewyork-media/image/upload/v1623244441/tmbw/S/S_02/S_02_05_yo0mfl.jpg
,,Kultur,Gruppe,,,,,,,,,https://res.cloudinary.com/viewyork-media/image/upload/v1621514756/tmbw/S/S_02/S_02_03_ssivub.jpg
,,Wein,Familie,,,,,,,,,https://res.cloudinary.com/viewyork-media/image/upload/v1621514756/tmbw/S/S_02/S_02_04_u8xrcs.jpg
,,,,,,,,,,,,https://res.cloudinary.com/viewyork-media/image/upload/v1621514757/tmbw/S/S_02/S_02_02_pr7bxi.jpg
,,,,,,,,,,,,https://res.cloudinary.com/viewyork-media/image/upload/v1621514756/tmbw/S/S_02/S_02_06_vp0im9.jpg
,,,,,,,,,,,,https://res.cloudinary.com/viewyork-media/image/upload/v1621514756/tmbw/S/S_02/S_02_07_awsat1.jpg
,,,,,,,,,,,,https://res.cloudinary.com/viewyork-media/image/upload/v1621514757/tmbw/S/S_02/S_02_08_giyezu.jpg
S_03,Stuttgart,,,,,,,,,,,
,,,,,,,,,,,,
,,,,,,,,,,,,
,,,,,,,,,,,,
,,,,,,,,,,,,
,,,,,,,,,,,,
S_04,Stuttgart,,,,,,,,,,,
,,,,,,,,,,,,
,,,,,,,,,,,,
,,,,,,,,,,,,
,,,,,,,,,,,,
,,,,,,,,,,,,
U_01,Ulm,Übernachtung,Einzeln,Ulmer Impressionen ,"Die ganze Palette Ulm – zwei Nächte, vier Gänge und unzählige Erlebnisse ","Lerne Ulm mit allen Sinnen kennen! Du übernachtest zwei Mal zentral im Akzent Hotel Roter Löwe, genießt ein regionales 4-Gang Menü und erlebst die wichtigsten Sehenswürdigkeiten dank der UlmCard gratis. Damit und uns nicht vergisst gibt´s sogar ein paar kleine Souvenirs. Wir können es kaum erwarten bis du uns besuchst. ",ein regionales 4-Gang Menü,,https://www.hotel-roter-loewe.de/preise---pauschalen.html,149 EUR pro Person ,>100€,https://res.cloudinary.com/viewyork-media/image/upload/v1621514792/tmbw/U/U_01/U_01_12_l86pcn.jpg
,,Stadtführung,Zu zweit,,,,,,,,,
,,Kulinarik,,,,,2x Übernachtung im Akzent Hotel Roter Löwe,,,,,
,,Tageserlebnis,,,,,1x Ulm Card für zwei Tage,,,,,
,,,,,,,,,,,,
,,,,,,,,,,,,
U_02,Ulm,Stadtführung,Einzeln,Öffentliche Stadtführungen,Mit unseren ausgebildeten Gästeführern durch Ulm/Neu-Ulm,"Schließe dich unserer öffentlichen Stadtführung mit Besichtigung des Ulmer Münsters an. Wir zeigen dir die Highlights: Ulmer Münster, historisches Rathaus, Neue Mitte und natürlich das Fischer- und Gerberviertel. Von April bis Oktober sogar zweimal täglich.",,,https://tourismus.ulm.de/de/entdecken/sehen-und-erleben/stadtfuerungen/oeffentliche-stadtfuehrungen/#/erlebnisse/ULM/a09cf94d-0bc4-4b06-92db-f29bda5fb243/altstadt--und-muensterfuehrung--oefftl--,"kostenfrei für Kinder, EUR 9 für Erwachsene, EUR 5 für Studenten, Schüler, Schwerbehinderte",0-10€,https://res.cloudinary.com/viewyork-media/image/upload/v1623337317/tmbw/U/U_02/U_02_01_o5dhzy.jpg
,,,Zu zweit,,,,,,,,,https://res.cloudinary.com/viewyork-media/image/upload/v1621514803/tmbw/U/U_02/U_02_02_eetd35.jpg
,,,Gruppe,,,,,,,,,https://res.cloudinary.com/viewyork-media/image/upload/v1621514804/tmbw/U/U_02/U_02_03_njbpyp.jpg
,,,Familie,,,,,,,,,https://res.cloudinary.com/viewyork-media/image/upload/v1621514804/tmbw/U/U_02/U_02_04_afjzt9.jpg
,,,,,,,,,,,,https://res.cloudinary.com/viewyork-media/image/upload/v1621514804/tmbw/U/U_02/U_02_05_lnlpr4.jpg
,,,,,,,,,,,,https://res.cloudinary.com/viewyork-media/image/upload/v1621514804/tmbw/U/U_02/U_02_06_xob9eq.jpg
,,,,,,,,,,,,https://res.cloudinary.com/viewyork-media/image/upload/v1621514804/tmbw/U/U_02/U_02_07_r5oijs.jpg
,,,,,,,,,,,,https://res.cloudinary.com/viewyork-media/image/upload/v1621514804/tmbw/U/U_02/U_02_08_somywl.jpg
U_03,Ulm,Stadtführung,Einzeln,Schifffahrt durch Ulm,Geniessen Sie Ihre Fahrt auf dem Ulmer Spatz!,"Kapitäne, nehmt uns mit auf die Reise! Die Anlegestellen liegen beim Metzgerturm und in der Friedrichsau, Ulms großem Stadtpark. Die Crew besteht aus Menschen mit und ohne Behinderung, aus lauter Ulm-Botschaftern sowie mitreißenden Anekdoten-Erzählern. Für Kinder haben sie ein besonderes Herz. Auf Wunsch dürfen diese selbst einmal das Steuerrad in die Hand nehmen.",,,https://ulmer-schifffahrt.de/kalender/,"kostenfrei für Kinder, EUR 9,50 für Erwachsene, EUR 6,50 für Studenten, Schüler, Schwerbehinderte",0-10€,https://res.cloudinary.com/viewyork-media/image/upload/v1621514811/tmbw/U/U_03/U_03_01_m25yil.jpg
,,,Zu zweit,,,,,,,,,https://res.cloudinary.com/viewyork-media/image/upload/v1621514811/tmbw/U/U_03/U_03_02_lzj1dn.jpg
,,,Gruppe,,,,,,,,,https://res.cloudinary.com/viewyork-media/image/upload/v1621514811/tmbw/U/U_03/U_03_03_i2oimd.jpg
,,,Familie,,,,,,,,,https://res.cloudinary.com/viewyork-media/image/upload/v1621514811/tmbw/U/U_03/U_03_04_zrcjzl.jpg
,,,,,,,,,,,,
,,,,,,,,,,,,
U_04,Ulm,Tageserlebnis,Einzeln,Birdly - Virtuelle Realität,Der Traum vom Fliegen: Virtual Reality zum Abheben!,"In Ulm kannst virtuelle Realität auf einzigartiger Weise erleben: Mit dem innovativen Simulator ›Birdly‹ fliegst du wie ein Vogel über die Dächer Ulms im Jahr 1890. Du steigst auf und ab über der virtuellen Stadt, die dir lebensecht in der 3D-Brille erscheint. Aber nicht nur das: mit deinem Körper steuerst du den einmaligen Ganzkörperflugsimulator.",,,https://ulmstories.reservix.de/#2021-03-12,pro Flug EUR 5,0-10€,https://res.cloudinary.com/viewyork-media/image/upload/v1621514819/tmbw/U/U_04/U_04_01_knn4wy.jpg
,,,Zu zweit,,,,,,,,,https://res.cloudinary.com/viewyork-media/image/upload/v1621514819/tmbw/U/U_04/U_04_02_gjuf1r.jpg
,,,Gruppe,,,,,,,,,https://res.cloudinary.com/viewyork-media/image/upload/v1621514819/tmbw/U/U_04/U_04_03_nfw2cf.jpg
,,,Familie,,,,,,,,,
,,,,,,,,,,,,
,,,,,,,,,,,,
F_01,Freiburg,Tageserlebnis,Gruppe,Freiburg erleben und geniessen,"Bunter Münstermarkt, fantastische Ausblicke und regionale Kostproben","Nach einem gemütlichen Frühstück steht heute Freiburg auf Ihrem Tagesprogramm. Wir starten mit einem gemeinsamen Spaziergang über den bunten Münstermarkt rund um Freiburgs Wahrzeichen. Danach geht es mit der Schlossbergbahn hinauf zum Schlossberg. Oben angekommen werden Sie mit fantastischen Aussichten auf die Stadt und das Rheintal belohnt. Der Schlossberg lädt nicht nur zum Wandern, Entdecken und Verweilen ein, er bietet auch eine ausgezeichnete Gastronomie. Zurück in der Freiburger Altstadt geht es nun durch die malerische Fischerau und Gerberau zur Stadtmitte. Dort stehen Ihnen nun Freiburgs Museen* zur Wahl, die viel über die Stadt, die Kunst, die Region und die Natur erzählen. Eine kulinarische Stadtführung mit allerlei regionale Kostproben unterwegs sowie ein Abendessen mit regionalen Spezialitäten am Freiburger Münsterplatz krönen Ihren Tag.",Fahrt mit der Schloßbergbahn auf den Schlossberg,,https://schwarzwald-connection.de/angebot_gruppen_fwtm.pdf,"15-30 Personen, 4,5- 7 Stunden, Kosten pro Person: 89,00 €",50-100€,https://res.cloudinary.com/viewyork-media/image/upload/v1623752358/tmbw/F/F_01/F_01_03_esgcie.jpg
,,Kulinarik,,,,,Besuch in einem der Freiburger Stadtmuseum,,,,,https://res.cloudinary.com/viewyork-media/image/upload/v1621514339/tmbw/F/F_01/F_01_02_tccoi0.jpg
,,Stadtführung,,,,,Kulinarische Stadtführung mit regionalen Kostproben,,,,,https://res.cloudinary.com/viewyork-media/image/upload/v1621514339/tmbw/F/F_01/F_01_03_cxnnlm.jpg
,,,,,,,Regionales Abendessen am Münsterplatz,,,,,https://res.cloudinary.com/viewyork-media/image/upload/v1621514339/tmbw/F/F_01/F_01_04_ew1mvz.jpg
,,,,,,,,,,,,
,,,,,,,,,,,,
F_02,Freiburg,Tageserlebnis,Einzeln,Freiburgs Hausberg Schauinsland entdecken,"Bergbüffet, Wanderführer, Bauernhofmuseum und gehobene Küche","Nach einer gemütlichen Anreise zur Bergstation der Schauinslandbahn geht es schon bald zur Stärkung ins Bergrestaurant auf 1200 Höhe. Das Bergbüffet meint es gut mit Ihnen: Großes Bauernbrot, kleine Brötchen – alles frisch aus dem Ofen. Konfitüren, Käse, Fleisch- und Wurst-Spezialitäten aus der Region. Ausgesuchtes rund um Obst, Joghurt, Milch und Säfte. Und Kaffee und Tee soviel Sie mögen. Nach der Stärkung werden Sie bereits vom ortskundigen Wanderguide erwartet. Erfahren Sie viel Wissenswertes und Interessantes auf Ihrer Wanderung zum Bauernhausmuseum Schniederlihof. Hier erwartet Sie ein herzlicher Empfang im über 400 Jahre alten Hof. Sachkundig und liebevoll wird Ihnen vermittelt, wie mit Kuchi, dem Schniedesel, der Bühni und der guten Stub mit Herrgottswinkel das früher oft sehr harte Leben der Schwarzwälder Bergbauern ausgesehen hat. Den perfekten Ausklang des Tages genießen Sie im Hotel Halde – mit unbeschreiblichen Service, regionalen Spezialitäten und einer entspannten Atmosphäre – hier bleiben keine Wünsche offen. ",Fahrt mit dem ÖPNV zur Schauinslandbahn und zurück,,https://schwarzwald-connection.de/angebot_individuell_fwtm.pdf,"1-2 Personen, 4,5- 7 Stunden, Kosten pro Person: 89,00€",50-100€,https://res.cloudinary.com/viewyork-media/image/upload/v1624010828/tmbw/F/F_02/Freiburg-Schauinsland-Copyright-FWTM-Krause-_8_zdwwsi.jpg
,,Kulinarik,Zu zweit,,,,Berg- und Talfahrt mit der Schauinslandbahn,,,,,https://res.cloudinary.com/viewyork-media/image/upload/v1623752419/tmbw/F/F_03/F_04_03_zzoen2.jpg
,,Stadtführung,,,,,Bergwelt-Fruhstücks-Büfett,,,,,https://res.cloudinary.com/viewyork-media/image/upload/v1624010828/tmbw/F/F_02/Freiburg_Schauinsland_Copyright-FWTM-Antal-_16_dclyyo.jpg
,,,,,,,Ortskundiger Wanderguide,,,,,https://res.cloudinary.com/viewyork-media/image/upload/v1624010828/tmbw/F/F_02/Freiburg-Schauinsland-Copyright-FWTM-Krause-_31_wfdwi8.jpg
,,,,,,,Besuch und Führung im Bauernhofmuseum Schniederlihof,,,,,
,,,,,,,Gemütliche Einkehr im Hotel Halde (Sitzplatz-Reservierung),,,,,
F_03,Freiburg,Übernachtung,Einzeln,Freiburger Gipfelglück – Wellness inklusive,2-Tages-Angebot: Aktiv entschleunigen,"Aktiv entschleunigen in der Schwarzwald-Hauptstadt heißt es bei einer aussichtsreichen Rundwanderung auf Freiburgs Hausberg, dem Schauinsland. Das Erlebnis beginnt bereits bei der Bergfahrt mit Deutschlands ältester Umlaufseilbahn. Und Entspannung verspricht im Anschluss ein Bad in Freiburgs Keidel-Therme.",2 Übernachtungen im DZ inkl. Frühstück im 4*-Dorint Thermenhotel Freiburg,https://hotel-freiburg.dorint.com/de/arrangements/freiburger-gipfel-glueck/?etcc_cmp=Freiburg&etcc_med=Gipfel-Glueck-Arrangement-TMBW&etcc_par=HON-Service&etcc_ctv=Webseite&et_cmp_seg4=DE,https://be.synxis.com/?&chain=22066&config=Dorint&level=chain&locale=de-DE&theme=Dorint&brand=Dorint&src=FRI-Package&promo=Package-TMBW&rate=PF&hotel=77509&adult=2&nights=2,"252,00 € / p.P.",>100€,https://res.cloudinary.com/viewyork-media/image/upload/v1621514362/tmbw/F/F_03/F_03_02_mp740o.jpg
,,Kulinarik,Zu zweit,,,,Lunchpaket,,,,,
,,Stadtführung,,,,,Welcome-Ticket (3-Tage-Regio-Ticket ÖPNV inkl. Schauinslandbahn),,,,,https://res.cloudinary.com/viewyork-media/image/upload/v1621514350/tmbw/F/F_02/F_02_01_tlneyt.jpg
,,,,,,,Wandervorschlag auf dem Hausberg Schauinsland mit Tipps für Sehenswürdigkeiten und Wanderkarte Schauinsland,,,,,https://res.cloudinary.com/viewyork-media/image/upload/v1621514362/tmbw/F/F_03/F_03_01_zkpxps.jpg
,,,,,,,Audio-Lausch-Tour Schauinsland,,,,,
,,,,,,,1 Eintritt in die Thermen des Keidel Bads,,,,,
F_04,Freiburg,Übernachtung,Einzeln,Bike-Zeit in Freiburg – Wellness inklusive,2-Tages-Angebot: Lieblingsplätze mit dem E-Bike entdecken,"Erkunden Sie die Schwarzwald-Hauptstadt Freiburg per E-Bike oder Mountain-Bike. Ob relaxtes Radeln entlang dem Dreisamufer, Entdeckung der Altstadt und moderner Green-City-Architektur oder Genuss-Tour durch Freiburgs Weinberge: In kaum einer anderen Stadt treffen Sie auf so viel Wohlfühl-Lifestyle und Lässigkeit, verbunden mit sportlicher Freizeitaktivität. Und die Beine erholen sich ganz rasch wieder in den heißen Quellen von Freiburgs Keidel-Therme.",2 Übernachtungen im DZ inkl. Frühstück im 4*-Dorint Thermenhotel Freiburg,https://hotel-freiburg.dorint.com/de/arrangements/e-bike-zeit-in-freiburg/?etcc_cmp=Freiburg&etcc_med=E-Bike-Arrangement-TMBW&etcc_par=HON-Service&etcc_ctv=Webseite&et_cmp_seg4=DE,https://be.synxis.com/?&chain=22066&config=Dorint&level=chain&locale=de-DE&theme=Dorint&brand=Dorint&src=FRI-Package&promo=Package-TMBW&rate=PE&hotel=77509&adult=2&nights=2,"251,00 € / p.P.",>100€,https://res.cloudinary.com/viewyork-media/image/upload/v1621514373/tmbw/F/F_04/F_04_01_dympel.jpg
,,Kulinarik,Zu zweit,,,,Lunchpaket,,,,,https://res.cloudinary.com/viewyork-media/image/upload/v1621514373/tmbw/F/F_04/F_04_02_fv4fkx.jpg
,,Stadtführung,,,,,Radtouren-Vorschlag Dreisamradweg / Tuniberg Höhenweg,,,,,
,,,,,,,Radkarte für Ihre Tour,,,,,https://res.cloudinary.com/viewyork-media/image/upload/v1623767778/tmbw/F/F_04/V2/F_04_03_xsogga.jpg
,,,,,,,1 Eintritt in die Thermen des Keidel Bads,,,,,
,,,,,,,1 Tag E-Bike- oder Mountain-Bike-Verleih,,,,,
HD_01,Heidelberg,Tageserlebnis,Einzeln,Entspannt Heidelberg erkunden,Stadtrundfahrt mit Schlossführung,"Freier Blick auf die „Bühne Heidelberg” – erster Akt: der Blick auf das romantische Schloss, das majestätisch über dem Karlsplatz thront. Es folgt eine gemütliche Stadtrundfahrt in Begleitung eines Gästeführers entlang des Neckars vorbei an der Alten Brücke. Der zweite Akt führt hinauf zum Heidelberger Schloss – bei einer Außenführung bringt Ihnen Ihr Gästeführer die Geschichte des weltberühmten Bauwerks näher, Sie besichtigen den Innenhof und das größte Weinfass der Welt. Nach der Führung können Sie das Deutsche Apotheken-Museum besuchen und anschließend mit der Bergbahn zurück in die Altstadt (Talstation Kornmarkt) fahren (Ticket ist inklusive).

Ab 1. Juli 2021 buchbar.",Ticket für Bergbahn,,https://tportal.toubiz.de/heidelberg-fuehrungen/offer/detail/FIT00020070298566625,27 € Erw./24 € ermäßigt inkl. Schlossticket,10-50€,https://res.cloudinary.com/viewyork-media/image/upload/v1621514423/tmbw/HD/HD_01/HD_01_01_msqyi0.jpg
,,Stadtführung,Zu zweit,,,,,,,,,
,,,Gruppe,,,,,,,,,
,,,Familie,,,,,,,,,
,,,,,,,,,,,,
,,,,,,,,,,,,
HD_02,Heidelberg,Tageserlebnis,Einzeln,Heidelberg im Sommer,"Sommerspeziel - 3 Nächte bleiben, 2 bezahlen (23.07. - 29.08.2021)   ","Ein Sonnenbad auf der Neckarwiese genießen oder bei lauen Abendtemperaturen die romantische Altstadt erkunden. In der warmen Jahreszeit blüht das Leben in Heidelbergs verwinkelten Gassen: Die vielen gemütlichen Cafés und Kneipen bieten Plätze an der Sommerluft und mitten im emsigen Treiben unserer Stadt. Eine Vielzahl kultureller Highlights machen den Sommer in Heidelberg zum unvergesslichen Erlebnis. Und weil die Sonne bei uns so viel schöner scheint, geht bei diesem Arrangement die dritte Übernachtung auf unsere Kosten.","1, 2 oder 3 Übernachtungen mit Frühstück im Einzel- oder Doppelzimmer in einem Hotel der Kategorie Komfort oder First Class",,https://www.heidelberg-marketing.de/suchen-buchen/pauschalreisen/sommerspezial.html,"Kategorie Komfort: 180 € p.P. im Doppelzimmer/   240 € p.P. im Einzelzimmer, Kategorie First Class WoEnde:                 205 € p.P. im Doeppelzimmer/ 310 € p.P. im Einzelzimmer",>100€,https://res.cloudinary.com/viewyork-media/image/upload/v1621514434/tmbw/HD/HD_02/HD_02_01_sgplud.jpg
,,Stadtführung,Zu zweit,,,,,,,,,
,,Übernachtung,,,,,HeidelbergCARD für die Dauer des Aufenthaltes,,,,,
,,,,,,,"Teilnahme am öffentlichen Altstadtrundgang (1,5 Std.)",,,,,
,,,,,,,Ticket für die Fahrt mit dem Solarschiff „Neckarsonne“,,,,,
,,,,,,,,,,,,
HD_03,Heidelberg,Tageserlebnis,Einzeln,"Heidelberg und UNESCO Creative Cities

",Heidelberg – literarische Vielfalt und Produktivität,"3 Städte in 3 Tagen

Heidelberg, Mannheim und Karlsruhe – ein „UNESCO-Dreieck“, das mit einem außergewöhnlichen Kulturerlebnis punkten kann! Denn alle drei Städte im Südwesten sind als Teil des UNESCO-Netzwerks gewählt worden. Erlebe also Heidelberg als Stadt der Literatur, Mannheim als Stadt der Musik und Karlsruhe als Stadt der Medienkunst – die UNESCO Creative Cities freuen sich schon auf Deinen Besuch!

Literatur ist in Heidelberg allgegenwärtig. Beim Spaziergang durch die Stadt findet man an jeder Ecke Buchhandlungen, Antiquariate, Verlage und Bibliotheken. Es vergeht kaum ein Tag ohne literarische Veranstaltung, kein Sommer ohne das Literaturfestival Heidelberger Literaturtage, kein Jahr ohne literarische Preisträger.","3 Übernachtungen im Einzel- oder Doppelzimmer, inklusive Frühstück",,https://www.karlsruhe-erleben.de/karlsruhe/offer/detail/FIT00020070733670846,"350,00 € pro Person im Doppelzimmer",>100€,https://res.cloudinary.com/viewyork-media/image/upload/v1621514446/tmbw/HD/HD_03/HD_03_01_c7qxzo.jpg
,,Stadtführung,Zu zweit,,,,HDCard für 2 Tage,,,,,
,,,Gruppe,,,,2 Stadtführungen (jeweils eine in Mannheim und eine in Heidelberg),,,,,
,,,Familie,,,,,,,,,
,,,,,,,,,,,,
,,,,,,,,,,,,
HD_04,Heidelberg,Tageserlebnis,Einzeln,Heidelberg per Bike,Geführte Radtour durch Heidelberg,"Bei einer geführten Radtour streifen wir die Heidelberger Altstadt und besuchen den Stadtteil Neuenheim, das Neuenheimer Feld mit Botanischem Garten und den international renommierten Instituten und Kliniken sowie den Forschungs-Campus der Ruprecht-Karls-Universität.
Wir fahren durch das Handschuhsheimer Feld weiter nach Handschuhsheim, dem ältesten Stadtteil Heidelbergs mit der berühmten Tiefburg und zurück zur Altstadt, wo der einzigartige Blick von der Alten Brücke auf das Heidelberger Schloss und die Altstadt den krönenden Abschluss bildet. Streckenlänge: ca. 25km, Profil: eine steilere Steigung, Möglichkeit zum Picknick oder Einkehr, Dauer: ca. 3 Stunden ",,,https://tportal.toubiz.de/heidelberg-fuehrungen/guide/detail/FIT00020070300786229,"130 € inkl. privatem Guide für 1-10 Personen (zzgl. 18 € pro Person für Fahrrad und Helm), max. 10 Personen, buchbar: April - Oktober",>100€,https://res.cloudinary.com/viewyork-media/image/upload/v1621514458/tmbw/HD/HD_04/HD_04_01_twlnk6.jpg
,,Stadtführung,Zu zweit,,,,,,,,,
,,,Gruppe,,,,,,,,,
,,,Familie,,,,,,,,,
,,,,,,,,,,,,
,,,,,,,,,,,,
K_01,Karlsruhe,Tageserlebnis,Einzeln,Citytour Karlsruhe,Tour mit dem roten Doppeldeckerbus.,"Der Klassiker unter den Sightseeingtouren. Steig ein und entdecke die bedeutendsten Sehenswürdigkeiten in Karlsruhe! Du willst dir etwas genauer ansehen? Kein Problem, steig einfach aus und steig zu einem späteren Zeitpunkt wieder ein. Mit unserem roten Cabrio-Bus lernst Du Karlsruhe aus einer ganz neuen Perspektive kennen. ",,,https://www.karlsruhe-erleben.de/citytour?utm_source=TMBW%20Social%20Media&utm_medium=Ad&utm_campaign=TMBW%20Social%20Media#/,18€ Erwachsene; Kinder 5€,10-50€,https://res.cloudinary.com/viewyork-media/image/upload/v1621514553/tmbw/K/K_01/K_01_01_yue2eq.jpg
,,Stadtführung,Zu zweit,,,,,,,,,https://res.cloudinary.com/viewyork-media/image/upload/v1621514553/tmbw/K/K_01/K_01_02_vbo3il.jpg
,,,Gruppe,,,,,,,,,https://res.cloudinary.com/viewyork-media/image/upload/v1621514554/tmbw/K/K_01/K_01_03_aembvu.jpg
,,,Familie,,,,,,,,,
,,,,,,,,,,,,
,,,,,,,,,,,,
K_02,Karlsruhe,Tageserlebnis,Einzeln,Tatort-Recht,Münzskandal in Karlsruhe – Kannst Du den Fall lösen?,"Mit der Tatort-Recht Tour kannst Du dich nun auf die Spuren eines echten Falls begeben. Damals tauchten falsche Münzen aus der echten Karlsruher Prägestätte auf. Wie das möglich war? Na das musst Du selbst herausfinden!
Das app-basierte Outdoor Exitgame bietet nicht nur knifflige Rätsel und jede Menge Spaß, man lernt gleichzeitig auch noch die Stadt kennen. ",,,https://www.karlsruhe-erleben.de/Tatort-Recht?utm_source=TMBW%20Social%20Media&utm_medium=Ad&utm_campaign=TMBW%20Social%20Media,"29,90€",10-50€,https://res.cloudinary.com/viewyork-media/image/upload/v1623936950/tmbw/K/K_02/K_02_05_bsuasq.jpg
,,Stadtführung,Zu zweit,,,,,,,,,https://res.cloudinary.com/viewyork-media/image/upload/v1623936950/tmbw/K/K_02/K_02_03_fv0jzm.jpg
,,,Gruppe,,,,,,,,,https://res.cloudinary.com/viewyork-media/image/upload/v1623936950/tmbw/K/K_02/K_02_04_v72yxo.jpg
,,,Familie,,,,,,,,,https://res.cloudinary.com/viewyork-media/image/upload/v1623936950/tmbw/K/K_02/K_02_02_esqful.jpg
,,,,,,,,,,,,https://res.cloudinary.com/viewyork-media/image/upload/v1623936950/tmbw/K/K_02/K_02_01_lv1y0b.jpg
,,,,,,,,,,,,
K_03,Karlsruhe,Tageserlebnis,Einzeln,Karlsruhe und UNESCO Creative Cities ,"Entdecken Sie das UNESCO-Kulturtrio mit Mannheim, Karlsruhe und Heidelberg","Karlsruhe, Mannheim und Heidelberg – ein „UNESCO-Dreieck“, das mit einem außergewöhnlichen Kulturerlebnis punkten kann! Denn alle drei Städte im Südwesten sind als Teil des UNESCO-Netzwerks gewählt worden. Erlebe also Heidelberg als Stadt der Literatur, Mannheim als Stadt der Musik und Karlsruhe als Stadt der Medienkunst – die UNESCO Creative Cities freuen sich schon auf Deinen Besuch!","3 Übernachtungen im Einzel- oder Doppelzimmer inkl. Frühstück
",,https://www.karlsruhe-erleben.de/karlsruhe/offer/detail/FIT00020070733670846?utm_source=TMBW%20Social%20Media&utm_medium=Ad&utm_campaign=TMBW%20Social%20Media,350 € pro Einheit,10-50€,https://res.cloudinary.com/viewyork-media/image/upload/v1621514565/tmbw/K/K_03/K_03_01_cttcll.jpg
,,Stadtführung,Zu zweit,,,,"2x Stadtführung, eine in Heidelberg und eine in Mannheim ",,,,,
,,Übernachtung,Gruppe,,,,1 x Heidelberg Karte Besichtigung des ZKM / Zentrum für Kunst und Medien in Karlsruhe,,,,,
,,Kultur,Familie,,,,,,,,,
,,,,,,,,,,,,
,,,,,,,,,,,,
K_04,Karlsruhe,Tageserlebnis,Einzeln,Frische Luft-/Picknick,"Grün, grüner – Karlsruhe!","Mit über 1000 Hektar an öffentlichen Gärten und Parks bietet Karlsruhe eine Vielzahl von Ruhe- und Erholungsspots, wie sie wohl einzigartig in Deutschland sind – und das mitten in der Stadt. Perfekt um einfach mal die Seele im Grünen baumeln zu lassen.
Buch jetzt unser neues Frischluft-Angebot. Erkunde Karlsruhe mit seinen wunderschönen grünen Oasen und lass Dir an deinem persönlichen Lieblingsplatz die Köstlichkeiten aus unserem regionalen Picknickkorb schmecken. 
Und mit dem inkludierten CityTicket bist Du auch im Stadtgebiet nachhaltig mobil unterwegs. ",Eine Übernachtung im Deluxe-Hotel im Doppelzimmer mit Frühstück,,https://www.karlsruhe-erleben.de/karlsruhe/package/detail1/FIT00020070881520322,,,https://res.cloudinary.com/viewyork-media/image/upload/v1623936166/tmbw/K/K_04/K_04_04_wtu4gb.jpg
,,Stadtführung,Zu zweit,,,,"Einen Picknick-Korb, gefüllt mit zahlreichen regionalen Köstlichkeiten",,,,,https://res.cloudinary.com/viewyork-media/image/upload/v1623936166/tmbw/K/K_04/K_04_01_ioyx0x.jpg
,,,Gruppe,,,,Die Karlsruher City-Karte für 24 Stunden freie Fahrt mit Bus und Bahn,,,,,https://res.cloudinary.com/viewyork-media/image/upload/v1623936166/tmbw/K/K_04/K_04_02_gafrru.jpg
,,,Familie,,,,Eine kleine Karlsruher Überraschung.,,,,,https://res.cloudinary.com/viewyork-media/image/upload/v1623936166/tmbw/K/K_04/K_04_03_ecjrzb.jpg
,,,,,,,,,,,,
,,,,,,,,,,,,
P_01,Pforzheim,Tageserlebnis,Einzeln,Gasometer Pforzheim,Das weltgrößte 360° Panorama,Zur Zeit ist das fernweh besonders groß. Wie schön wäre es nach Australien zu reisen und die magische Unterwasserwelt des Great Barrier Reef zu genießen? Im Gasometer Pforzheim ist das möglich! Das weltgrößte 360° Panorama des Künstlers Yadegar Asisi zeigt die faszinierende Wunderwelt eines Korallenriffs. Ein Erlebnis für die ganze Familie.,,,https://gasometer-pforzheim.regiondo.de/kategorien,"ab 10,00€",0-10€,https://res.cloudinary.com/viewyork-media/image/upload/v1621514694/tmbw/PF/PF_01/PF_01_01_adz2bv.jpg
,,Kultur,Zu zweit,,,,,,,,,https://res.cloudinary.com/viewyork-media/image/upload/v1621514694/tmbw/PF/PF_01/PF_01_02_fqoy1z.jpg
,,,Gruppe,,,,,,,,,https://res.cloudinary.com/viewyork-media/image/upload/v1621514694/tmbw/PF/PF_01/PF_01_03_broudk.jpg
,,,Familie,,,,,,,,,https://res.cloudinary.com/viewyork-media/image/upload/v1621514694/tmbw/PF/PF_01/PF_01_04_qswabb.jpg
,,,,,,,,,,,,https://res.cloudinary.com/viewyork-media/image/upload/v1621514694/tmbw/PF/PF_01/PF_01_05_op5cis.jpg
,,,,,,,,,,,,https://res.cloudinary.com/viewyork-media/image/upload/v1621514695/tmbw/PF/PF_01/PF_01_06_lbyzek.jpg
P_02,Pforzheim,Stadtführung,Einzeln,Pforzheim per Augmented Reality,Stadtführung der besonderen Art.,"Mit den spannenden Touren der Future History App kann Pforzheim, die Goldstadt, entspannt entdeckt werden. Dank Augmented Reality wird die Schönheit der einstigen Jugendstil-Perle durch historische Aufnahmen sichtbar. Interessante Infos zu den Sehenswürdigkeiten, der Architektur, Glaubensstätten oder den Wasserperlen der Stadt, gibt es ebenfalls zum Anhören oder Lesen. Die Touren sind perfekt für die Vorbereitung auf einen Besuch zuhause oder beim Bummeln durch die Stadt.",,,https://www.pforzheim.de/tourismus/stadtfuehrungen/digitale-stadtfuehrungen-und-erlebnisse.html,"ab 1,09€",0-10€,https://res.cloudinary.com/viewyork-media/image/upload/v1621514704/tmbw/PF/PF_02/PF_02_01_wq9tld.jpg
,,Kultur,Zu zweit,,,,,,,,,https://res.cloudinary.com/viewyork-media/image/upload/v1621514704/tmbw/PF/PF_02/PF_02_02_uxaqb4.jpg
,,,Gruppe,,,,,,,,,https://res.cloudinary.com/viewyork-media/image/upload/v1621514704/tmbw/PF/PF_02/PF_02_03_nlvwuj.jpg
,,,Familie,,,,,,,,,https://res.cloudinary.com/viewyork-media/image/upload/v1621514704/tmbw/PF/PF_02/PF_02_04_wnc65v.jpg
,,,,,,,,,,,,https://res.cloudinary.com/viewyork-media/image/upload/v1621514704/tmbw/PF/PF_02/PF_02_05_tugamn.jpg
,,,,,,,,,,,,https://res.cloudinary.com/viewyork-media/image/upload/v1621514704/tmbw/PF/PF_02/PF_02_06_euimu6.jpg
P_03,Pforzheim,Stadtführung,Familie,Mit Alpakas durch Pforzheim,Mit Alpakas gemütlich Pforzheimer Geschichten und den Enzkreis entdecken.,"Sie sind flauschig, gemütlich und man verliebt sich in ihr rundes Gesicht: Alpakas kann man bei Pforzheim nicht nur anschmachten, sondern mit ihnen zusammen auf Wanderung gehen. Es ist ein Erlebnis für die ganze Familie. Auch Gin-, Cocktail- oder Weinwanderungen locken mit regionalen Köstlichkeiten sowie ein flauschiges Alpakaglück.",,,https://www.huehnerglueck.de/alpakagl%C3%BCck/,ab 20 €,10-50€,https://res.cloudinary.com/viewyork-media/image/upload/v1621514713/tmbw/PF/PF_03/PF_03_01_okeqc9.jpg
,,,Einzeln,,,,,,,,,https://res.cloudinary.com/viewyork-media/image/upload/v1621514713/tmbw/PF/PF_03/PF_03_02_wllyit.jpg
,,,,,,,,,,,,https://res.cloudinary.com/viewyork-media/image/upload/v1621514713/tmbw/PF/PF_03/PF_03_03_vllps4.jpg
,,,,,,,,,,,,https://res.cloudinary.com/viewyork-media/image/upload/v1621514713/tmbw/PF/PF_03/PF_03_04_buwvtv.jpg
,,,,,,,,,,,,https://res.cloudinary.com/viewyork-media/image/upload/v1621514712/tmbw/PF/PF_03/PF_03_05_duzvqc.jpg
,,,,,,,,,,,,https://res.cloudinary.com/viewyork-media/image/upload/v1621514713/tmbw/PF/PF_03/PF_03_06_knv4zf.jpg
P_04,Pforzheim,Übernachtung,Einzeln,Hohenwart Forum in Pforzheim,Übernachtungspakete mit vollem Kulturgenuss,Naturnah nächtigen und trotzdem den vollen Kulturgenuss genießen? Das gibt es beim Hohenwart Forum in Pforzheim. Das Hotel im Grünen bietet verschiedene Pakete mit denen man die Museen & Klöster der Umgebung erkunden oder in die Geschichte der Schmuck- und Uhrenindustrie eintauchen kann. Für Westwegabenteurer bietet das Haus ebenfall ein reizvolles Angebot.,,,https://www.hohenwart.de/hotel/urlaub/,ab 90 €,50-100€,https://res.cloudinary.com/viewyork-media/image/upload/v1621514722/tmbw/PF/PF_04/PF_04_01_cl6kg1.jpg
,,Kultur,Zu zweit,,,,,,,,,https://res.cloudinary.com/viewyork-media/image/upload/v1621514722/tmbw/PF/PF_04/PF_04_02_vvomvs.jpg
,,,,,,,,,,,,https://res.cloudinary.com/viewyork-media/image/upload/v1621514722/tmbw/PF/PF_04/PF_04_03_nxyalt.jpg
,,,,,,,,,,,,https://res.cloudinary.com/viewyork-media/image/upload/v1621514722/tmbw/PF/PF_04/PF_04_04_nkbzls.jpg
,,,,,,,,,,,,https://res.cloudinary.com/viewyork-media/image/upload/v1621514722/tmbw/PF/PF_04/PF_04_05_bs5irm.jpg
,,,,,,,,,,,,https://res.cloudinary.com/viewyork-media/image/upload/v1621514722/tmbw/PF/PF_04/PF_04_06_psez6i.jpg
,,,,,,,,,,,,https://res.cloudinary.com/viewyork-media/image/upload/v1621514722/tmbw/PF/PF_04/PF_04_07_tbqt4q.jpg
,,,,,,,,,,,,https://res.cloudinary.com/viewyork-media/image/upload/v1621514722/tmbw/PF/PF_04/PF_04_08_ytvnxa.jpg
,,,,,,,,,,,,https://res.cloudinary.com/viewyork-media/image/upload/v1621514723/tmbw/PF/PF_04/PF_04_09_qe0c0u.jpg
,,,,,,,,,,,,https://res.cloudinary.com/viewyork-media/image/upload/v1621514722/tmbw/PF/PF_04/PF_04_10_fvdgwf.jpg
BB_01,Baden-Baden,Stadtführung,Einzeln,ErlebnisTour Baden-Baden,Mit dem Segway durch Baden-Baden oder das Rebland,"Entdecken Sie mit uns das traumhaft schöne Städtchen Baden-Baden! 
Unsere ca. 2,5-stündige Tour durch die Kurstadt führt uns vorbei an vielen Sehenswürdigkeiten, die man hier kaum alle aufzählen kann. Um nur ein paar hiervon zu nennen: Wir ""schweben"" vorbei am Festspielhaus Baden-Baden, das modernste seiner Art in Deutschland! Weiter auf der Kaiserallee zur Trinkhalle, danach geht es weiter in Richtung Kurhaus. Auch das Theater und die Staatliche Kunsthalle werden wir nicht auslassen!



Aber nicht nur historische Gebäude, sondern auch viel Natur steht auf dem Programm, denn in der traumhaft schönen Lichtentaler Allee heisst es: Natur pur. Harmonisch fügen wir uns hier ein und werden auch einen optionalen Stopp im Kloster Lichtenthal einlegen. Später folgen dann noch Sehenswürdigkeiten wie Augustaplatz und Leopoldsplatz, bis wir an den Bädern und der bekannten Caracalla Therme ankommen.



Auch das Friedrichsbad liegt nun vor unseren Füßen. 20cm über dem Boden schweben wir weiter und gelangen kurzerhand auf den Marktplatz und zur Stiftskirche, bis es dann langsam wieder in Richtung Kaiserallee geht. Das Festspielhaus wollen wir uns natürlich nicht entgehen lassen. Diese Tour ist eine der schönsten SEGWAY-Touren Deutschlands, dank der wundervollen Stadt und der Natur Baden-Badens, die Sie beinahe „schwebend“ ganz neu erleben werden!",,,https://www.city-seg.de/ba-touren-details?tid=2,Preise ab €69.- je Teilnehmer.,50-100€,https://res.cloudinary.com/viewyork-media/image/upload/v1623744762/tmbw/BB/BB_01/BB_07_cvmuqe.jpg
,,,,,,,,,,,,https://res.cloudinary.com/viewyork-media/image/upload/v1623744762/tmbw/BB/BB_01/BB_08_rnsbnf.jpg
,,,Zu zweit,,,,,,,,,https://res.cloudinary.com/viewyork-media/image/upload/v1623744776/tmbw/BB/BB_01/BB_09_qldtt4.jpg
,,,Gruppe,,,,,,,,,
,,,Familie,,,,,,,,,
,,,,,,,,,,,,
B_02,Baden-Baden,Stadtführung,Einzeln,Stadtführung durch Baden-Baden,Stadt- und Kulturgeschichte erleben,"Falls Ihnen spontan die Lust auf Stadt- und Kulturgeschichte kommt, können Sie sich gerne einer unserer öffentlichen Stadtführungen anschließen. Mit Ihrer Gästekarte erhalten Sie sogar 50% Rabatt auf den Ticketpreis.",,,https://www.baden-baden.com/fuehrungen/oeffentliche-fuehrungen,"8,- €",,https://res.cloudinary.com/viewyork-media/image/upload/v1623744698/tmbw/BB/BB_02/BB_13_kulcf7.jpg
,,,,,,,,,,,,https://res.cloudinary.com/viewyork-media/image/upload/v1623744698/tmbw/BB/BB_02/BB_12_fq9dky.jpg
,,,Zu zweit,,,,,,,,,https://res.cloudinary.com/viewyork-media/image/upload/v1623744697/tmbw/BB/BB_02/BB_11_bmiyt4.jpg
,,,Gruppe,,,,,,,,,https://res.cloudinary.com/viewyork-media/image/upload/v1623744697/tmbw/BB/BB_02/BB_10_iodpj6.jpg
,,,Familie,,,,,,,,,
,,,,,,,,,,,,
BB_03,Baden-Baden,Tageserlebnis,Einzeln,Wellness in Baden-Baden,Entspannung in der Caracalla Therme,Auf mehr als 4000 m² bietet die Caracalla Therme viel Platz für wohltuende Entspannung und ausgiebiges Badevergnügen im heißen Thermalwasser. Die Badelandschaft mit ihren abwechslungsreichen Wasserflächen und die römische Saunalandschaft mit Außenbereich im malerischen Schlossgarten laden zum Wohlfühlen ein.,,,https://www.shop-carasana.de/vouchers/category/,"15 - 27,- €",,https://res.cloudinary.com/viewyork-media/image/upload/v1623688353/tmbw/BB/BB_03/BB_02_jk6foq.jpg
,,,,,,,,,,,,https://res.cloudinary.com/viewyork-media/image/upload/v1623688353/tmbw/BB/BB_03/BB_03_cblqza.jpg
,,,Zu zweit,,,,,,,,,https://res.cloudinary.com/viewyork-media/image/upload/v1623688353/tmbw/BB/BB_03/BB_01_xhsf4c.jpg
,,,Gruppe,,,,,,,,,
,,,Familie,,,,,,,,,
,,,,,,,,,,,,
BB_04,Baden-Baden,Kultur,Einzeln,Kultur in Baden-Baden,Ein Besuch im Museum Frieder Burda,"Das Museum Frieder Burda als Lebenswerk
Um die Sammlung zu bewahren und der Öffentlichkeit zugänglich zu machen, wurde 1998 –nachdem Bemühungen, diese im südfranzösischen Mougins zu etablieren, aufgegeben wurden – die Stiftung Frieder Burda gegründet. Sie legte den Grundstock für den vom amerikanischen Star-Architekten Richard Meier entworfenen Museumsbau, der seit 2004 die Sammlung Frieder Burda in Baden-Baden im Zusammenspiel mit anderen internationalen Meisterwerken präsentiert: Ein strahlend weißer Solitär in der historischen Lichtentaler Allee, heute vielmals als das „Juwel im Park“ bezeichnet.

Zahlreiche hochkarätige Ausstellungen wurden seitdem dort gezeigt, u.a. mit Gerhard Richter, Sigmar Polke, Katharina Grosse, William N. Copley, Andreas Gursky und James Turrell. Dazu kamen thematische Ausstellungen wie „Die Bilder tun was mit mir“ oder „America! America!“. Die engagierte und profunde Vermittlung von Kunst mit sozialem Anspruch durch die Kunstwerkstatt des Museums war Frieder Burda, Ehrenbürger der Stadt Baden-Baden, dabei immer eine Herzensangelegenheit. 2014 wurde mit zwei großen Übersichtsausstellungen unter dem Titel „40I10“ das 10jährige Jubiläum im Museum gefeiert. Aus Anlass des 15ten Jubiläums war 2019 aktuell die Ausstellung „Ensemble“ zu sehen, die anhand des Zusammenspiels mit Meisterwerken aus der Sammlung des Centre Pompidou in Paris die deutsch-französische Freundschaft feiert. Anfang 2019 hatte das Haus noch durch eine Banksy-Ausstellung für Furore gesorgt. Mit dem Salon Berlin, den Frieder Burdas Patricia Kamp leitet, schlägt das Museum eine Brücke in die Gegenwartskunst.

Immer hat Frieder Burda sich neuen Anregungen und der Auseinandersetzung mit diesen gestellt. Zugleich blieb er sich stets treu in seinem Glauben an die verbindenden Kräfte der Kunst. Zu der Ausstellung „Ensemble“ hatte er, der leidenschaftliche Frankophile, noch im Katalog geschrieben: „Die Spiegelung der beiden Sammlungen, die Gegenüberstellung einzelner Werke deutscher und französischer Künstler zeigt, wie sehr die Kunst verbindet, sich über Grenzen hinweg positiv beeinflusst und ergänzt. Das macht mich froh und bestärkt mich im Glauben an das universell Verbindende der Kunst, ihre Gültigkeit und ihr Bestehenbleiben über alle Krisen hinweg.“ Am 14. Juli 2019, dem französischen Nationalfeiertag, ist Frieder Burda 83jährig in Baden-Baden im Kreis seiner Familie gestorben.

Ungebrochen war sein Glaube an die versöhnliche Macht der Kunst, uneingeschränkt seine Faszination für die mitreißende Kraft der Farben: Mit Frieder Burda hat die Kunstwelt einen seiner großen Sammler, der seine Liebe und Begeisterung für die Kunst immer mit möglichst vielen Menschen teilen wollte, verloren. Humanistische Werte waren ihm stets wichtiger als materielle, der Besitz von Kunst war ihm immer Verpflichtung, diese zugänglich zu machen.

Als Freund der Künstler suchte Frieder Burda den Austausch über die Ursprünge der Kunst, den unmittelbaren und inspirierenden Kontakt mit den Schaffenden. Als Stifter und Museumsgründer beschenkte er seine Heimatstadt großzügig mit einem Haus, das bis heute Menschen aus aller Welt nach Baden-Baden lockt. Als Vorstand seiner Stiftung war er für seine Mitarbeiter immer Vorbild an Bescheidenheit und Menschlichkeit. Und als Privatmensch Seite an Seite mit seiner Frau Elke hat er es vermocht, Familie und Freunde im Zeichen der Kunst immer wieder neu zusammenzuführen.",,,https://museum-frieder-burda.ticketfritz.de/Home/Index,"14 ,- €",10-50€,https://res.cloudinary.com/viewyork-media/image/upload/v1623744294/tmbw/BB/BB_04/BB_15_ulbd04.jpg
,,,,,,,,,,,,https://res.cloudinary.com/viewyork-media/image/upload/v1623744294/tmbw/BB/BB_04/BB_05_dxcwzn.jpg
,,,Zu zweit,,,,,,,,,https://res.cloudinary.com/viewyork-media/image/upload/v1623744293/tmbw/BB/BB_04/BB_14_lcq7sc.jpg
,,,Gruppe,,,,,,,,,
,,,Familie,,,,,,,,,